Time,Delhi,BRPL,BYPL,NDPL,NDMC,MES
2023-09-01,5728.971142857143,2458.1100714285712,1238.2867142857144,1684.0851071428572,255.75567857142855,38.037214285714285
2023-09-02,5587.428279569893,2421.4196057347667,1235.3148387096776,1614.6459139784947,228.3510752688172,34.69376344086022
2023-09-03,5279.81394265233,2268.805089605735,1157.6113620071685,1566.118853046595,205.64824372759855,31.20931899641577
2023-09-04,5640.9783157894735,2418.741192982456,1203.9973684210527,1666.2281754385965,260.29575438596487,37.70701754385965
2023-09-05,5831.372652329749,2508.3758781362008,1239.1847311827955,1726.1158064516128,263.2895698924731,38.61437275985663
2023-09-06,5748.323107142857,2438.5707857142856,1237.8540357142858,1717.828107142857,261.3645714285714,38.041357142857144
2023-09-07,5363.639254901961,2301.8399215686277,1148.0774901960785,1604.0166274509804,226.8646274509804,31.781058823529413
2023-09-08,5272.602740213523,2245.603309608541,1149.3541637010676,1618.265017793594,178.62786476868328,30.583736654804273
2023-09-09,4679.397046263345,2010.752455516014,1032.990355871886,1409.8391459074733,153.80491103202846,27.58896797153025
2023-09-10,3993.5887096774195,1698.971182795699,857.9563082437276,1236.6103225806453,137.99849462365592,24.019354838709678
2023-09-11,4470.002035087719,1904.7124561403512,931.5485614035089,1354.3506315789473,206.08473684210526,30.73298245614035
2023-09-12,4818.083620071685,2034.1248028673833,1020.4284229390682,1470.3033333333333,214.69774193548386,32.616021505376345
2023-09-13,5272.682464788732,2229.433133802817,1164.2026056338027,1566.8255985915491,227.34897887323945,35.09475352112676
2023-09-14,5713.444895104895,2431.044230769231,1257.19,1694.4817482517483,239.06244755244757,38.068741258741255
2023-09-15,5457.324421052632,2331.336701754386,1187.5874385964912,1622.8497543859648,228.3877894736842,36.264842105263156
2023-09-16,5017.537288732395,2174.3532394366193,1107.1658450704224,1448.728943661972,207.40619718309858,31.829753521126758
2023-09-17,4497.92083916084,1933.919335664336,977.3147552447554,1328.5143006993007,188.22562937062938,27.545804195804198
2023-09-18,4821.175505226482,2035.5698257839722,1040.7030662020907,1427.6091986062718,239.51306620209058,32.68498257839721
2023-09-19,5179.029477351916,2188.461254355401,1108.0606271777003,1551.2239024390244,247.71979094076656,34.591045296167245
2023-09-20,5437.603929824561,2316.083859649123,1179.5664210526315,1601.0577894736841,252.9741403508772,36.06901754385965
2023-09-21,5638.335857142857,2409.887357142857,1227.7906071428572,1658.1969285714285,251.65289285714286,37.15257142857143
2023-09-22,5657.423859649123,2397.1558245614037,1243.190947368421,1673.0299298245616,252.70326315789475,37.53540350877193
2023-09-23,5170.238536585366,2220.8748780487804,1150.1939721254355,1508.570731707317,209.2498257839721,32.05344947735192
2023-09-24,4627.782746478873,1979.5954577464788,1007.5513028169014,1391.3751408450703,177.7101056338028,27.596091549295775
2023-09-25,4918.973087719299,2113.7727719298246,1028.7618245614035,1480.1342807017545,216.3497543859649,33.240842105263155
2023-09-26,4926.071683168317,2132.483316831683,1060.455099009901,1437.6046039603962,214.32861386138612,34.16881188118812
2023-09-27,5003.096855123675,2141.0001413427563,1098.266855123675,1463.4644169611306,219.90219081272085,32.70883392226148
2023-09-28,4674.560821428571,1988.9881071428572,1005.379,1423.8945,185.87882142857143,26.122035714285715
2023-09-29,4765.203251748251,1988.4267482517484,1040.830874125874,1442.0726223776223,217.987972027972,30.635174825174825
2023-09-30,4626.837785714286,1995.8728571428571,1028.4804285714285,1331.0487142857144,199.66882142857142,27.68585714285714
2023-10-01,4254.8027598566305,1787.6310394265233,939.1510035842294,1299.4621505376344,163.52444444444444,24.920035842293906
2023-10-02,3698.3090714285718,1632.9550714285713,815.0668571428572,1042.5231785714286,149.76725000000002,22.740250000000003
2023-10-03,4092.6307291666662,1712.796701388889,872.7988194444445,1247.629375,194.09760416666666,26.469756944444445
2023-10-04,4212.620989399294,1740.1672084805655,916.3918374558305,1295.318586572438,194.1744522968198,26.694664310954064
2023-10-05,4209.183415492958,1728.4466549295773,914.3875352112676,1304.9441197183098,194.84968309859156,26.383908450704226
2023-10-06,4261.964475524476,1751.7688111888112,928.4961888111887,1317.9776923076922,196.73146853146852,26.653076923076924
2023-10-07,4296.222882562277,1817.8505338078292,968.7971886120997,1271.63256227758,171.4187900355872,25.634982206405695
2023-10-08,4363.791067615659,1840.4788612099644,976.92384341637,1322.4616014234875,157.7627046263345,24.80174377224199
2023-10-09,4818.959335664336,2039.1264685314686,1029.7892307692307,1459.9353146853148,213.51828671328673,30.82555944055944
2023-10-10,4790.6874647887325,2011.8824647887325,1025.0296830985915,1463.7143309859155,214.07598591549296,30.453485915492962
2023-10-11,4517.849107142857,1870.9622857142858,988.6597499999999,1383.1281428571428,203.31867857142856,28.616964285714285
2023-10-12,4260.410769230769,1752.5587412587413,928.5216083916083,1315.4217832167833,196.0813286713287,27.150454545454544
2023-10-13,4348.885759717315,1800.2102120141342,946.027738515901,1336.1490459363956,198.10197879858657,27.33183745583039
2023-10-14,4268.269107142857,1823.2044642857143,953.568392857143,1255.78775,169.7979642857143,25.019785714285714
2023-10-15,4002.4253710247344,1685.0305653710247,898.5928268551237,1211.0218374558303,146.8092932862191,22.42547703180212
2023-10-16,3947.950801393728,1642.7562020905925,849.8080487804879,1211.1682578397213,181.5864111498258,25.333379790940768
2023-10-17,3418.588327526132,1385.4410104529618,726.8747735191638,1090.9395470383276,160.6327526132404,22.11857142857143
2023-10-18,3375.822241992883,1366.955302491103,731.5451245551601,1064.4834163701069,159.03953736654805,21.59896797153025
2023-10-19,3339.255128205128,1330.9595604395606,718.7273626373627,1078.1963369963369,158.10714285714286,21.467582417582417
2023-10-20,3352.2040625,1343.18875,713.7470138888889,1085.7008680555555,156.11548611111112,21.262222222222224
2023-10-21,3182.8527046263343,1318.0625622775801,699.3148398576512,982.6911743772241,132.76743772241994,19.23085409252669
2023-10-22,3038.531285714286,1225.5986785714285,665.8548928571429,984.1719642857144,116.05178571428571,17.772142857142857
2023-10-23,3237.1796153846153,1302.8982517482518,686.1008391608392,1052.8190909090908,143.92437062937063,20.35702797202797
2023-10-24,2901.133674911661,1207.196254416961,634.5962544169611,896.4723674911661,117.84310954063604,17.501766784452297
2023-10-25,3245.5820143884894,1321.8297482014389,704.5126978417267,1023.9471223021583,143.43679856115108,20.800179856115108
2023-10-26,3300.20512455516,1314.6790391459074,705.8211387900355,1086.867153024911,140.39081850533807,20.735871886120997
2023-10-27,3308.822218309859,1321.2876408450704,702.8975704225352,1092.6604225352112,139.82102112676057,20.72605633802817
2023-10-28,3142.6058974358975,1284.7528205128206,683.0243956043956,996.5113553113553,129.21721611721614,19.166776556776554
2023-10-29,3060.320391459075,1235.2257295373665,666.8848754448398,992.6733451957297,117.85209964412812,18.470462633451955
2023-10-30,3332.0989964157707,1353.2566666666667,694.8666666666667,1078.9671326164876,151.61189964157705,21.340609318996414
2023-10-31,3421.5724822695033,1413.6455319148936,696.8213475177305,1102.6059574468086,154.96890070921987,21.48390070921986
2023-11-01,3416.188717948718,1433.1040293040294,706.4512820512821,1069.7321978021978,152.44846153846154,21.49014652014652
2023-11-02,3357.0510069444445,1396.8613541666666,706.4459375,1049.0015625,151.68583333333333,21.49888888888889
2023-11-03,3399.086049822064,1387.717330960854,726.3922419928825,1086.4803914590748,144.62633451957296,21.812989323843414
2023-11-04,3175.473250883392,1336.7816607773852,699.419964664311,965.0674911660776,123.91303886925795,19.875618374558304
2023-11-05,3068.576035714286,1259.5735357142858,674.9617142857143,977.9664642857142,108.32089285714285,18.48632142857143
2023-11-06,3215.022613240418,1321.859337979094,675.4585017421603,1033.7109756097561,132.87522648083623,20.475226480836238
2023-11-07,3238.0667832167833,1337.7983216783216,673.2508391608392,1041.5305944055945,134.32265734265735,20.582272727272727
2023-11-08,3261.732846975089,1333.4388256227758,696.4859074733097,1044.277615658363,135.68829181494664,20.685053380782918
2023-11-09,3239.4133566433566,1328.4051048951048,686.7517482517483,1038.086188811189,134.97524475524474,20.355594405594406
2023-11-10,3160.549252669039,1300.9164412811388,666.6027758007118,1014.5371174377224,128.26259786476868,20.152099644128114
2023-11-11,2839.9321328671326,1204.3168881118881,587.590979020979,895.421083916084,107.72902097902097,17.80807692307692
2023-11-12,2477.3360854092525,1120.6978647686833,520.6281138790035,699.8951245551601,95.3646975088968,16.87900355871886
2023-11-13,2372.7708450704226,1079.6372887323944,496.94672535211265,639.9860211267605,115.00929577464788,18.422007042253522
2023-11-14,2515.5317142857143,1142.3880000000001,518.1251785714285,692.3483571428571,119.22817857142857,19.142964285714285
2023-11-15,2662.4034285714283,1142.7876428571428,538.0436071428571,819.1796785714286,118.25664285714286,19.370642857142855
2023-11-16,2785.2616176470588,1153.7463602941177,565.0179411764706,897.0773897058823,122.7027205882353,20.118051470588235
2023-11-17,2869.395425531915,1183.3941489361703,592.4628723404255,921.6396808510638,124.33269503546099,19.84659574468085
2023-11-18,2774.244264705882,1167.352536764706,588.6269117647058,860.5339338235294,112.625,18.63389705882353
2023-11-19,2608.4251408450705,1099.1267605633802,551.9869366197183,812.1504225352113,102.17404929577465,17.940845070422533
2023-11-20,2778.013908450704,1155.574190140845,567.0695774647887,887.3366197183099,121.6774647887324,20.014647887323942
2023-11-21,2929.6696808510637,1207.3976595744682,625.264609929078,926.0527304964539,122.4376241134752,20.47031914893617
2023-11-22,2967.2582269503546,1209.0760638297872,619.5856028368795,967.8367021276596,121.77737588652482,20.861631205673756
2023-11-23,3004.9385608856087,1223.179040590406,627.8479704797047,981.1054612546126,122.47439114391143,21.255977859778596
2023-11-24,3007.4943416370106,1229.0175444839858,645.8884697508897,960.2917081850533,121.91,21.609395017793595
2023-11-25,2864.7208680555555,1197.2761111111113,615.6727430555555,895.562638888889,109.00472222222223,20.17673611111111
2023-11-26,2790.395104166667,1147.786597222222,596.955451388889,897.5268055555556,102.539375,19.35559027777778
2023-11-27,2843.8811458333334,1178.6684027777778,572.0692708333333,935.5490277777777,110.53277777777777,19.873368055555556
2023-11-28,2918.9651971326166,1205.2363799283155,577.2068817204301,962.564623655914,124.06283154121863,22.257921146953404
2023-11-29,2905.146595744681,1205.8463120567376,584.8770567375886,940.1228723404256,124.0181914893617,22.46340425531915
2023-11-30,2909.516917562724,1199.579211469534,589.648100358423,946.2198566308244,123.70401433691755,22.516379928315413
2023-12-01,2993.4036029411764,1226.1036029411764,607.576911764706,983.6880147058824,124.65819852941176,22.61926470588235
2023-12-02,2803.6589752650175,1189.8881978798586,580.2163250883392,873.1575265017667,112.65141342756183,20.929540636042404
2023-12-03,2780.161408450704,1171.536971830986,550.8126056338028,907.1529225352112,103.8018309859155,20.23838028169014
2023-12-04,2920.199605734767,1214.0841218637993,573.9898207885304,956.1830824372761,126.58924731182796,21.987956989247312
2023-12-05,2919.2378947368425,1205.193403508772,571.5072631578947,970.0373684210527,122.47428070175438,22.178736842105263
2023-12-06,2894.979790940766,1199.6669337979092,564.9815331010453,951.6822648083623,128.1063763066202,22.57442508710801
2023-12-07,2905.7669611307424,1195.4536042402826,570.1598233215548,958.3033568904593,131.00918727915194,22.95819787985866
2023-12-08,2995.857610294118,1235.934669117647,591.956544117647,974.6598161764705,141.08860294117648,23.655036764705883
2023-12-09,2799.3859363957595,1191.9662897526503,571.7179505300353,870.849222614841,115.79826855123676,22.276537102473497
2023-12-10,2776.6344852941174,1160.771544117647,562.8795955882352,898.3931249999999,105.645625,22.442941176470587
2023-12-11,3005.9358302583028,1248.8210332103322,589.340405904059,985.8084870848708,127.12952029520295,25.413025830258302
2023-12-12,2965.048201438849,1239.7844244604316,559.1727697841726,980.3392805755396,131.0844964028777,26.19248201438849
2023-12-13,2941.06695035461,1221.0423404255318,570.9946453900709,965.543794326241,129.23156028368794,26.58468085106383
2023-12-14,2872.5198897058826,1201.0407720588237,548.2670588235295,937.764669117647,130.88069852941177,27.44533088235294
2023-12-15,2970.00704797048,1238.2043911439114,574.720147601476,969.1826937269373,132.04531365313653,27.917269372693728
2023-12-16,2960.6519852941174,1259.7613970588234,608.8188235294118,915.6434191176471,122.1664338235294,26.470698529411763
2023-12-17,2891.7567765567765,1208.141978021978,590.0341758241758,923.7889743589744,116.13589743589743,25.634798534798534
2023-12-18,3058.515882352941,1274.056875,595.4739705882354,988.1320588235294,142.8152573529412,28.882757352941177
2023-12-19,3069.3240860215055,1279.8741218637992,582.846523297491,1005.0122222222221,142.81487455197131,29.44831541218638
2023-12-20,3156.1741911764707,1309.0904779411765,605.4117647058823,1021.4667647058824,159.79970588235292,30.52327205882353
2023-12-21,3138.7311397058825,1303.7894117647058,600.8328676470588,1018.7430147058823,153.84676470588235,31.006470588235295
2023-12-22,3185.995505226481,1303.7164111498257,640.9709407665505,1027.817386759582,151.5850174216028,31.102229965156795
2023-12-23,3025.665661764706,1262.343125,646.6240073529412,924.6279044117647,133.52683823529412,28.504264705882353
2023-12-24,2898.6484981684985,1211.26673992674,576.0621245421245,936.3421245421246,120.269010989011,26.486996336996338
2023-12-25,2991.384742647059,1251.4960294117645,568.4664338235294,995.9641544117648,120.42742647058823,26.255698529411767
2023-12-26,3139.026205673759,1282.6270567375886,605.7782269503546,1045.9818439716312,144.63397163120567,29.445531914893614
2023-12-27,3209.811378091873,1354.6041696113073,610.7934275618375,1032.1093286219082,150.12611307420497,31.160459363957596
2023-12-28,3184.4303859649126,1563.2779298245614,830.1947719298245,585.7505614035088,142.81010526315788,32.199894736842104
2023-12-29,3331.466561403509,1425.0561052631579,652.0315438596491,1091.3529122807017,98.03736842105263,33.08863157894737
2023-12-30,3154.7806859205775,1367.8796750902527,627.7398555956679,977.9995667870036,120.87790613718411,30.17350180505415
2023-12-31,3121.828248175182,1316.2318613138686,635.5161313868614,976.7552189781022,132.95208029197082,30.035401459854018
2024-01-01,3781.892261484099,1588.9937102473498,741.7780918727916,1199.3723321554771,175.02056537102473,40.30155477031802
2024-01-02,3680.8956583629897,1557.4857651245552,706.7129893238434,1167.0228113879002,174.32601423487546,40.11362989323843
2024-01-03,3544.593854166667,1492.5457638888888,677.7765625,1124.4380902777777,178.84329861111112,37.09260416666667
2024-01-04,3680.8956583629897,1557.4857651245552,706.7129893238434,1167.0228113879002,174.32601423487546,40.11362989323843
2024-01-05,3781.892261484099,1588.9937102473498,741.7780918727916,1199.3723321554771,175.02056537102473,40.30155477031802
2024-01-06,3708.1690425531915,1591.9645035460992,708.2726241134752,1155.954539007092,175.9445390070922,40.3499645390071
2024-01-07,3405.6479505300354,1443.835371024735,686.3540636042403,1070.7596113074203,137.51802120141343,34.44236749116608
2024-01-08,3708.1690425531915,1591.9645035460992,708.2726241134752,1155.954539007092,175.9445390070922,40.3499645390071
2024-01-09,3811.0855633802817,1628.0075704225353,717.0631690140846,1205.9111971830987,182.21612676056338,41.84183098591549
2024-01-10,3908.2302941176467,1631.7686397058824,776.1107352941176,1236.9195220588235,184.515625,41.91536764705882
2024-01-11,3871.173074074074,1637.791962962963,759.4961111111112,1215.5664074074073,180.12099999999998,41.70477777777778
2024-01-12,3995.8271062271065,1705.0628205128205,768.2560073260074,1261.136813186813,181.6887912087912,41.74996336996337
2024-01-13,3662.6030402930405,1617.2413553113554,713.2082783882784,1102.730695970696,155.41391941391942,38.65626373626374
2024-01-14,3599.0952941176474,1569.2209926470587,709.9275735294117,1105.2888602941177,143.3410294117647,37.2608455882353
2024-01-15,3787.5979411764706,1635.356507352941,717.6984926470587,1179.648419117647,177.86680147058823,41.423051470588234
2024-01-16,3873.3444852941175,1670.0083088235294,720.5770588235293,1217.040955882353,186.27073529411766,42.303786764705876
2024-01-17,3863.0215625,1666.4317361111111,742.5587847222222,1192.935798611111,183.09013888888887,41.53131944444445
2024-01-18,3867.275992647059,1654.346875,753.155,1195.8997794117647,184.69797794117648,42.232242647058825
2024-01-19,4062.237683823529,1739.5389705882353,810.6206617647059,1239.1638970588235,191.7404044117647,42.50426470588235
2024-01-20,3806.4419485294115,1700.3976102941178,758.6357720588235,1108.821286764706,162.57338235294117,39.321985294117646
2024-01-21,3634.714965034965,1596.772167832168,722.0577622377622,1096.1838111888112,146.51104895104896,38.22660839160839
2024-01-22,3850.0906250000003,1698.7641911764706,747.9677205882354,1164.2159926470588,161.58658088235296,40.82158088235294
2024-01-23,3841.1880147058823,1689.7325735294119,732.3591544117647,1164.5202573529411,175.94404411764705,42.132573529411765
2024-01-24,3867.5438327526135,1680.6418466898956,747.9756794425086,1177.3719860627177,182.8626132404181,41.8576306620209
2024-01-25,3874.7331365313653,1646.2622878228783,763.0885977859779,1213.4821402214022,172.9128782287823,42.09712177121771
2024-01-26,3294.272857142857,1516.3859706959706,662.4237728937729,911.2119413919413,137.38531135531136,35.57021978021978
2024-01-27,3344.6138095238093,1501.1245054945055,686.4188644688645,944.1032967032968,146.39564102564103,34.68582417582417
2024-01-28,3430.34673992674,1490.4549084249084,688.7647619047619,1047.8855311355312,135.71435897435896,34.7189010989011
2024-01-29,3164.9447407407406,1394.816740740741,596.6847407407407,958.3894814814815,147.2977037037037,36.86340740740741
2024-01-30,3627.1028125,1554.1772916666666,684.6851388888889,1146.278784722222,169.7834375,37.634375000000006
2024-01-31,3699.368090277778,1595.9270138888887,717.4747222222222,1141.39125,170.31972222222223,39.0946875
2024-02-01,3559.846388888889,1531.392048611111,678.4555555555556,1108.9382291666668,168.72770833333334,37.95652777777778
2024-02-02,3642.2825000000003,1563.4563194444445,695.5470833333334,1151.640902777778,159.53052083333333,37.43107638888889
2024-02-03,3357.8971180555554,1483.7205208333335,657.8479861111111,1006.8617708333334,143.7059027777778,33.886319444444446
2024-02-04,3188.2121951219515,1388.1758536585364,626.5668989547039,981.7105923344948,129.90073170731708,31.63365853658537
2024-02-05,3322.735964912281,1426.7128771929824,631.2994736842105,1049.1970175438598,151.50284210526314,33.015929824561404
2024-02-06,3377.0806227106227,1445.451794871795,637.4877289377289,1074.7176923076922,153.9849084249084,33.34553113553113
2024-02-07,3447.9967765567767,1461.1921978021976,662.3120879120879,1097.3364468864468,159.41454212454212,34.01058608058608
2024-02-08,3379.8820350877195,1436.2590175438597,650.6448771929824,1070.3889122807018,158.1103157894737,32.60487719298246
2024-02-09,3425.817216117216,1420.303882783883,683.499706959707,1108.08326007326,149.28362637362636,32.56161172161172
2024-02-10,3142.9886219081272,1350.7541342756183,636.8778445229682,956.3443816254418,139.55491166077738,29.53505300353357
2024-02-11,3019.8138518518517,1283.8866666666668,607.3092592592593,944.4453333333333,128.4251111111111,27.464222222222222
2024-02-12,3174.7388850174216,1344.7779790940767,619.819337979094,1056.0448432055748,159.4762369337979,31.235261324041815
2024-02-13,3226.446568265683,1416.3166789667896,656.4061992619926,1167.6859778597784,169.31405904059042,31.000959409594095
2024-02-14,3228.025,1344.6222962962963,636.2017407407408,1035.8101851851852,148.93414814814815,31.716740740740743
2024-02-15,3112.197326007326,1290.7617216117217,608.3957509157509,1011.8570695970695,141.34197802197804,30.09981684981685
2024-02-16,3154.0591941391945,1312.1482051282053,637.6897435897436,1013.2511721611722,133.84245421245421,26.95882783882784
2024-02-17,2903.5732167832166,1200.6127972027973,626.8341958041958,904.0658741258741,120.45206293706293,24.192237762237763
2024-02-18,2788.492902097902,1114.7193706293706,601.4302797202797,912.8855594405594,110.68010489510489,22.35034965034965
2024-02-19,2940.242210526316,1197.0873333333334,599.4502456140351,962.2001403508771,131.28908771929824,23.469192982456143
2024-02-20,3027.1337192982455,1260.2264912280702,600.4363508771929,978.7778596491228,136.65431578947369,22.49684210526316
2024-02-21,3065.823485915493,1281.304190140845,607.9654577464789,990.0321126760563,135.79457746478872,22.229612676056338
2024-02-22,3045.7682720588236,1261.7549264705883,606.9673161764706,997.1532352941176,128.91746323529412,22.06316176470588
2024-02-23,3111.726336996337,1284.7320146520146,615.2117582417583,1031.9771794871795,127.25131868131868,22.817619047619047
2024-02-24,2933.0270220588236,1245.3649999999998,603.0142279411765,928.9958455882353,105.72525735294118,22.089742647058824
2024-02-25,2903.9724264705883,1217.5289338235293,601.6811397058823,936.2633823529411,99.73205882352941,21.295808823529413
2024-02-26,2985.7794074074072,1246.019185185185,573.7024444444445,993.975037037037,119.82066666666665,23.888074074074073
2024-02-27,3006.5962132352943,1246.286580882353,580.8990073529412,1007.7999264705883,119.18643382352941,23.498345588235296
2024-02-28,3057.648888888889,1264.3425555555555,605.6672962962964,1015.5202592592592,119.80011111111111,23.310296296296297
2024-02-29,3001.1976923076923,1245.973216783217,593.3079020979021,990.6640209790208,120.85384615384615,22.109405594405594
2024-03-01,3077.5380147058822,1264.372573529412,614.0683088235294,1028.3324632352942,119.11091911764706,22.207536764705882
2024-03-02,2860.75326007326,1212.9682051282052,591.3304761904762,902.1825641025641,106.58648351648353,20.414871794871797
2024-03-03,2805.379446494465,1166.692066420664,585.7826199261992,911.710110701107,95.38472324723247,19.385239852398524
2024-03-04,2924.4021323529414,1212.9574632352942,582.790294117647,967.593161764706,111.72095588235294,21.52643382352941
2024-03-05,2930.234411764706,1207.3058823529411,574.2924264705882,986.5354779411765,112.23485294117647,21.75580882352941
2024-03-06,2969.1867605633806,1218.6667957746479,601.3622183098591,981.6146126760563,116.58049295774649,22.844718309859154
2024-03-07,2916.7763736263732,1184.9734432234432,603.9198168498168,958.2984249084249,119.50465201465201,22.24124542124542
2024-03-08,2977.426875,1234.6031617647059,612.123125,967.4980882352941,113.39099264705882,21.516985294117646
2024-03-09,2768.0285714285715,1169.9472893772893,575.2429670329669,872.9535897435896,103.67373626373626,19.752490842490843
2024-03-10,2703.690220588235,1123.0586397058823,557.0609191176471,883.0220588235294,95.8841911764706,19.044816176470587
2024-03-11,2907.4279487179488,1208.451098901099,576.141684981685,959.4073992673992,115.632673992674,20.37113553113553
2024-03-12,2930.8716974169743,1205.2244280442806,573.129077490775,991.5849815498156,112.8089298892989,20.51228782287823
2024-03-13,2977.0844852941177,1224.5316176470587,600.3178676470588,986.005955882353,117.2548161764706,20.30154411764706
2024-03-14,2967.443406593407,1214.7482051282052,604.9597802197802,982.9843956043956,116.73688644688644,19.956190476190475
2024-03-15,3008.460442804428,1226.760295202952,613.7845387453874,1002.7564575645756,116.01630996309963,20.21918819188192
2024-03-16,2842.6770695970695,1194.9055311355312,602.9004395604396,894.1605128205128,104.04527472527472,19.0385347985348
2024-03-17,2725.3997802197805,1124.4934798534798,566.7295604395605,895.0416117216116,95.54380952380951,17.86102564102564
2024-03-18,2911.0506227106225,1194.7110256410256,574.6276556776558,970.6586446886447,123.58150183150182,20.015787545787546
2024-03-19,3003.857728937729,1228.9879487179487,592.6058608058607,1002.8775457875458,131.0625641025641,19.934835164835164
2024-03-20,3134.1224908424906,1283.2577655677655,660.4365934065934,1011.1103663003663,129.69974358974358,20.084285714285716
2024-03-21,3049.8758088235295,1243.1080147058824,628.3512867647058,992.7965441176469,136.63636029411762,20.064191176470587
2024-03-22,3198.629706959707,1304.1635897435897,661.0946886446886,1042.1331868131867,140.14399267399267,20.89021978021978
2024-03-23,3059.2855749128917,1257.278362369338,650.7947386759582,978.5247735191637,125.13616724738677,18.821149825783973
2024-03-24,2756.275052264808,1164.1178048780487,583.9510104529617,849.1859930313589,115.07163763066201,17.837212543554006
2024-03-25,2307.1765693430657,1043.3578832116789,502.1223722627737,620.4251094890511,101.94806569343066,17.286569343065693
2024-03-26,2822.887142857143,1242.2642857142857,604.6059930313589,802.9809407665505,125.8030662020906,20.361881533101045
2024-03-27,3225.94498245614,1355.5578596491227,681.2662105263157,1001.6341403508771,134.64978947368422,22.007473684210527
2024-03-28,3419.2412587412587,1416.9851048951048,721.9323076923077,1083.036083916084,141.83475524475523,23.17555944055944
2024-03-29,3501.0307665505225,1456.9502787456445,749.3088850174216,1105.6391986062717,134.54662020905923,21.670940766550522
2024-03-30,3540.6758974358977,1493.8762271062271,779.909010989011,1072.7644688644689,137.20358974358976,23.279890109890108
2024-03-31,3419.610839160839,1438.831853146853,748.380944055944,1052.4063636363635,125.47244755244756,21.97576923076923
2024-04-01,3472.658722627737,1471.8864598540147,720.3919708029197,1080.1360948905108,142.46996350364964,24.377992700729926
2024-04-02,3424.815763888889,1427.2992708333334,707.4124999999999,1094.9645833333334,139.46659722222222,23.254444444444445
2024-04-03,3549.7711636363633,1467.0882545454547,758.9147272727272,1122.1228363636365,143.49676363636362,23.994618181818183
2024-04-04,3702.716354166667,1536.263159722222,787.5609027777778,1169.7068402777777,149.45336805555556,24.8971875
2024-04-05,3805.2839636363633,1585.2171636363635,807.8497090909092,1194.169018181818,156.20803636363635,25.657745454545456
2024-04-06,3609.4379272727274,1527.5373454545456,818.1917818181818,1069.0864727272728,137.3108727272727,23.150036363636364
2024-04-07,3414.2006293706295,1449.018006993007,770.0819230769231,1017.9917832167833,122.90790209790211,21.374475524475525
2024-04-08,3735.1503496503497,1576.7819930069932,807.0824475524475,1132.3696153846154,157.8540909090909,25.486958041958044
2024-04-09,3799.5726545454545,1594.917090909091,790.3722909090909,1191.5370545454546,160.43214545454543,25.67450909090909
2024-04-10,3830.4415693430656,1610.6638321167884,800.1649635036497,1189.3462408759124,167.44302919708028,26.22660583941606
2024-04-11,3791.501333333333,1601.7509824561405,807.0436140350877,1183.372,142.0544210526316,22.273298245614036
2024-04-12,4026.2901045296167,1698.8539024390245,843.7157142857143,1246.791637630662,170.98108013937284,27.253379790940766
2024-04-13,3817.033588850174,1638.09606271777,832.542299651568,1135.0775609756097,151.3624738675958,24.102369337979095
2024-04-14,3473.682832167832,1486.2451398601397,755.3524125874126,1044.9448251748252,132.6213986013986,21.45451048951049
2024-04-15,3809.881013986014,1618.8344055944056,805.8954545454545,1152.9553146853145,170.55342657342658,25.558671328671327
2024-04-16,3950.4921090909093,1667.1912727272727,837.9741454545455,1205.0462909090909,176.84796363636366,25.897454545454547
2024-04-17,3739.684708029197,1596.0346715328467,793.7466058394161,1140.007591240876,152.3081386861314,21.71521897810219
2024-04-18,4031.145781818182,1701.8093454545456,868.8270545454545,1210.8393090909092,183.42458181818182,27.36829090909091
2024-04-19,4324.983832752614,1839.9322996515677,928.9079442508711,1293.3762717770035,192.63742160278747,29.192682926829267
2024-04-20,4177.549685314685,1822.954895104895,915.297972027972,1197.0541258741257,175.77737762237763,26.529475524475526
2024-04-21,3960.2857342657344,1710.9660839160838,857.0411538461539,1174.0193006993009,156.15307692307692,24.460874125874128
2024-04-22,4168.008893442623,1787.1999590163934,875.1480737704918,1234.0595081967215,202.38590163934427,29.319754098360658
2024-04-23,4221.454020979021,1810.2198251748252,887.5355944055943,1262.8806643356643,192.80458041958042,28.307587412587413
2024-04-24,4161.890729927008,1751.3191605839415,897.5436861313868,1251.8392700729928,193.8580291970803,27.81543795620438
2024-04-25,4366.0868641114985,1853.971045296167,928.9688153310104,1312.4631707317074,200.18745644599304,28.90048780487805
2024-04-26,4517.095839160839,1904.8363286713284,994.4019580419581,1340.2173426573427,204.58527972027971,29.98339160839161
2024-04-27,4384.029818181818,1881.7716363636364,992.1841454545455,1260.5313454545455,180.26654545454548,27.400327272727274
2024-04-28,4132.845253623189,1777.5283695652174,902.9310869565218,1226.2648913043479,161.23956521739132,25.334746376811594
2024-04-29,4543.138362369338,1943.2397909407664,966.8323344947736,1349.2370731707317,210.17637630662023,30.802299651567946
2024-04-30,4369.001742160279,1861.8279094076654,928.5870034843205,1324.6993031358886,182.91435540069685,29.57404181184669
2024-05-01,4091.3134494773517,1722.2317073170732,880.1024041811847,1250.263832752613,172.76885017421603,27.282682926829267
2024-05-02,4106.0710801393725,1727.2336236933797,889.8173519163763,1249.0682926829268,173.48031358885018,27.453728222996517
2024-05-03,4273.921709090909,1794.0214545454546,930.1056363636363,1293.592290909091,186.93065454545456,28.339418181818182
2024-05-04,4356.324036363637,1891.9353818181817,969.3285090909092,1255.8989454545456,170.8256,26.9052
2024-05-05,4381.595693430657,1912.3740875912408,968.3715693430656,1280.5062408759125,153.21952554744527,25.49810218978102
2024-05-06,4936.0469454545455,2144.256,1063.9783272727273,1437.1676727272727,216.1152,27.39770909090909
2024-05-07,5234.61695652174,2263.853007246377,1129.2624275362318,1524.4438768115942,238.27909420289853,29.168333333333333
2024-05-08,5455.1614335664335,2376.084405594406,1179.503846153846,1578.048951048951,236.94874125874125,32.90706293706294
2024-05-09,5251.671745454545,2274.7332363636365,1128.671890909091,1533.4956727272727,232.08203636363635,32.5772
2024-05-10,5297.256713286713,2287.4414335664337,1165.5753846153846,1525.7948251748253,234.80468531468532,33.34646853146853
2024-05-11,4826.788986013986,2101.74993006993,1124.9335314685313,1337.4706993006994,188.49583916083915,28.317552447552448
2024-05-12,4971.705540069686,2147.167386759582,1150.0596864111499,1425.2002787456445,175.2968292682927,26.931811846689897
2024-05-13,5397.6702090592335,2337.3616376306622,1224.9094425087108,1516.1907665505225,233.41700348432053,34.36745644599303
2024-05-14,5302.311916376307,2280.4606620209056,1164.4375261324042,1541.8432404181185,230.0863066202091,35.031289198606274
2024-05-15,5371.901818181818,2313.1653146853146,1176.8603846153846,1567.4918181818182,228.3595804195804,34.957692307692305
2024-05-16,5552.696581818182,2401.048036363636,1210.3920363636364,1616.2257454545454,235.51294545454545,36.74458181818182
2024-05-17,5757.902554744525,2510.754087591241,1250.3211313868612,1656.9419343065695,246.80069343065693,38.17879562043795
2024-05-18,5887.325156794425,2607.240696864111,1331.5999651567945,1648.000487804878,209.80289198606272,34.940766550522646
2024-05-19,5803.3715625,2564.703645833333,1309.0287152777778,1656.8613194444445,184.75493055555555,33.06298611111111
2024-05-20,6321.047909407665,2773.334425087108,1401.8704529616725,1800.4884668989548,247.24623693379792,38.1187456445993
2024-05-21,6536.3052,2878.9695636363635,1427.931090909091,1875.9052,252.70523636363637,38.61309090909091
2024-05-22,6715.775209790209,2966.4344405594406,1488.4973076923077,1893.1376923076923,262.95954545454543,40.93723776223776
2024-05-23,6445.3636,2869.270581818182,1431.3477090909091,1829.479781818182,219.76007272727273,34.42949090909091
2024-05-24,6599.641916376307,2900.046724738676,1455.9316724738676,1874.2414285714287,266.11630662020906,40.46940766550522
2024-05-25,5981.283402777778,2742.6227083333333,1322.2076041666667,1631.1321875,194.77822916666665,33.830486111111114
2024-05-26,6084.753784722223,2735.533888888889,1354.816701388889,1710.7013541666665,192.82229166666667,33.146701388888886
2024-05-27,6693.011678321679,2985.6353146853144,1462.2603146853148,1871.846223776224,268.81230769230774,40.99909090909091
2024-05-28,6713.51472027972,2971.3474825174826,1477.222937062937,1899.3233566433566,261.27367132867136,40.32283216783217
2024-05-29,6798.739097222223,2985.482048611111,1508.6432986111113,1935.6130555555558,263.240625,41.035
2024-05-30,6799.067097902098,3006.0026923076925,1498.359020979021,1928.725104895105,260.76604895104896,40.792132867132864
2024-05-31,6797.048188153311,3000.0650871080143,1497.8262020905922,1932.6126829268292,261.4228919860627,40.71592334494773
2024-06-01,6412.960487804878,2870.3493031358885,1445.6780836236933,1780.6028571428571,219.0933449477352,36.313066202090596
2024-06-02,6014.53393728223,2674.4763763066203,1344.6668292682928,1717.4266550522648,187.83773519163762,32.97114982578397
2024-06-03,6507.9682517482515,2885.853951048951,1403.2979020979021,1853.7970279720278,261.14814685314684,40.838706293706295
2024-06-04,6648.070696864112,2940.7334843205576,1436.2627526132403,1908.8990940766553,258.12108013937285,40.92174216027875
2024-06-05,6592.080384615385,2959.580664335664,1395.4259790209792,1881.3288461538464,262.0895804195804,31.731223776223775
2024-06-06,6106.356770833333,2718.840347222222,1332.9414583333335,1718.5742708333335,245.28430555555556,32.804236111111116
2024-06-07,6156.073623693379,2734.2497212543553,1325.8564111498258,1749.412543554007,250.95240418118465,37.17717770034843
2024-06-08,5994.058954703833,2700.306445993031,1327.2263414634147,1656.9127874564458,218.05432055749128,34.71637630662021
2024-06-09,5687.44787456446,2544.459790940766,1253.7173519163764,1609.9382926829267,193.57083623693381,31.424285714285716
2024-06-10,6158.895801526717,2742.989389312977,1313.708854961832,1735.7540458015267,268.86599236641223,39.42687022900763
2024-06-11,6365.889300699301,2785.34486013986,1378.9861888111889,1845.944965034965,255.6896853146853,39.355909090909094
2024-06-12,6547.989340277778,2818.426354166667,1462.3088541666666,1899.8820486111113,265.33440972222223,39.75434027777778
2024-06-13,6293.546218487395,2813.5938655462182,1398.853025210084,1776.3635294117648,208.31025210084036,36.47159663865546
2024-06-14,6831.523993055555,3030.8031250000004,1481.6958333333334,1935.2924652777776,276.4362152777778,42.38090277777778
2024-06-15,6572.1937847222225,2933.816875,1463.6594444444445,1836.1477430555558,239.14614583333332,37.22819444444444
2024-06-16,6461.90362369338,2887.064041811847,1430.9921602787456,1837.8528222996515,209.15926829268292,35.32006968641115
2024-06-17,6859.708402777778,3084.5714583333333,1485.5896180555555,1956.5636805555555,230.85899305555554,36.7234375
2024-06-18,7361.06909090909,3276.7272377622376,1580.298006993007,2086.3117132867133,302.5675174825175,45.49318181818182
2024-06-19,7333.513776223776,3262.318181818182,1592.2873776223776,2057.0988461538464,305.9301398601399,46.091818181818184
2024-06-20,6622.154340277778,2948.1121527777777,1423.5861805555555,1869.6396180555555,275.54020833333334,42.97538194444444
2024-06-21,6240.1856445993035,2784.6125783972125,1344.7011149825785,1750.1002090592335,261.7376655052265,39.37982578397212
2024-06-22,5920.550979020979,2653.9888811188807,1317.420104895105,1645.6286363636364,217.15216783216783,29.716993006993004
2024-06-23,5907.534982578397,2618.592055749129,1313.0624738675958,1694.2589547038328,197.77606271777006,28.05149825783972
2024-06-24,6410.9074216027875,2840.334738675958,1365.3700348432055,1831.4365505226483,277.0317421602787,36.237526132404184
2024-06-25,6426.6315679442505,2846.966411149826,1359.9860278745643,1838.428292682927,281.08421602787456,39.25212543554007
2024-06-26,6512.298888888889,2862.1078125000004,1429.3089930555554,1841.8077430555556,276.69743055555557,40.450069444444445
2024-06-27,6014.647804878048,2613.6136585365853,1328.9431358885017,1726.00574912892,251.56585365853655,37.33317073170732
2024-06-28,5297.136306620209,2300.5150871080136,1150.1679094076655,1540.103693379791,222.1387456445993,33.71696864111498
2024-06-29,5376.293066202091,2381.4019860627177,1201.7757142857142,1496.2788153310105,212.09996515679444,33.61275261324042
2024-06-30,5491.093031358885,2423.9569337979096,1217.1444599303136,1564.4111846689896,200.33989547038328,32.95783972125435
2024-07-01,5915.825874125874,2601.536013986014,1281.5055944055944,1683.3790559440558,253.1070979020979,39.93486013986014
2024-07-02,6055.011342592592,2637.330972222222,1305.2858333333334,1754.46125,258.77208333333334,41.986990740740744
2024-07-03,5726.137735191638,2474.4955400696863,1238.1645296167246,1672.8218118466898,247.81898954703834,38.45567944250871
2024-07-04,5302.948321678322,2258.870874125874,1146.5385314685316,1591.3181818181818,220.47660839160838,35.27034965034965
2024-07-05,5343.195451388889,2265.4421180555555,1150.4803125,1609.3880902777778,231.1446527777778,35.770833333333336
2024-07-06,5142.100874125875,2233.959965034965,1127.159895104895,1475.3073776223775,223.97912587412586,32.59202797202797
2024-07-07,4777.854041811847,2060.4303135888504,1035.1621254355402,1405.4589198606272,202.3748432055749,29.229512195121956
2024-07-08,4967.736655052265,2145.2983972125435,1039.5814285714287,1469.9267595818815,232.05303135888502,33.62045296167247
2024-07-09,5208.123169014085,2260.676514084507,1112.6134154929578,1501.718485915493,248.65161971830986,34.98552816901408
2024-07-10,5398.286694915254,2302.5548728813555,1164.2101694915252,1567.4817372881355,276.31487288135594,36.49300847457627
2024-07-11,5962.230437956204,2588.126715328467,1289.8278102189781,1722.7481021897809,267.26390510948903,37.77102189781022
2024-07-12,5813.406538461539,2492.568321678322,1277.3307342657345,1701.85,250.47835664335665,36.2672027972028
2024-07-13,5439.624355400697,2358.575505226481,1230.375087108014,1545.0991637630664,219.06951219512194,34.42487804878049
2024-07-14,5461.554982578397,2360.2226829268293,1222.1333449477352,1587.0426829268292,206.98536585365855,33.27296167247387
2024-07-15,5897.303461538461,2556.058951048951,1286.8544755244754,1698.6670979020978,259.9462937062937,39.616328671328674
2024-07-16,6238.095384615384,2696.126538461538,1375.5549999999998,1791.7011538461538,274.04531468531474,41.57454545454545
2024-07-17,6275.546480836238,2771.401219512195,1393.1302090592335,1774.6036585365853,239.52742160278743,36.88951219512195
2024-07-18,6184.425279720279,2699.548286713287,1371.59006993007,1743.546048951049,270.71006993006995,40.49087412587412
2024-07-19,6192.639930555556,2698.9797569444445,1359.2449305555556,1760.745347222222,274.8184722222222,40.294131944444445
2024-07-20,6008.661368421052,2637.8812280701754,1352.3889122807018,1679.4864912280702,245.27178947368424,36.69340350877193
2024-07-21,6050.198333333334,2688.589479166667,1352.6265277777777,1685.43375,229.76465277777777,36.083958333333335
2024-07-22,6151.997282229965,2730.6685714285713,1346.2943554006968,1704.7855749128921,270.29229965156793,41.57613240418119
2024-07-23,6130.972822299652,2710.4658188153307,1329.4542857142858,1747.6945644599305,246.1010801393728,38.777630662020904
2024-07-24,5887.795201465202,2572.0259706959705,1317.1112820512822,1666.4588278388278,237.2727106227106,39.24318681318681
2024-07-25,6028.992473867596,2615.23181184669,1348.1231358885018,1733.2464111498257,237.0579442508711,37.806132404181184
2024-07-26,5986.300583941606,2584.9232846715327,1329.454598540146,1736.3174817518247,237.81032846715328,41.11952554744526
2024-07-27,5948.245714285715,2624.7154355400694,1359.5202090592334,1661.5192682926831,208.32783972125435,37.32094076655053
2024-07-28,5887.821602787457,2588.2268989547038,1331.1569337979092,1692.278606271777,187.7230662020906,32.54470383275261
2024-07-29,6386.010872727273,2809.455018181818,1418.3755272727274,1804.3896363636366,251.25887272727275,41.637927272727275
2024-07-30,6801.238333333333,2985.8934375000003,1511.8849652777778,1939.488402777778,258.54059027777777,40.92552083333333
2024-07-31,6509.472613240418,2828.907317073171,1469.0471777003484,1840.7670034843206,267.4514634146342,41.66491289198606
2024-08-01,5610.881463414634,2409.4873170731707,1259.8604529616725,1616.7648432055748,236.43146341463415,34.840662020905924
2024-08-02,5731.787665505227,2464.049930313589,1284.1096515679442,1655.988118466899,236.0948780487805,37.37020905923345
2024-08-03,5509.852430555556,2408.4784722222225,1259.8666666666666,1547.0185416666668,209.30388888888888,32.87770833333334
2024-08-04,5246.316006944445,2274.6983680555554,1185.1676041666667,1524.94375,181.55604166666666,29.773993055555554
2024-08-05,5539.4833797909405,2409.5196167247386,1202.9065853658537,1606.1698954703834,232.34672473867593,35.82393728222996
2024-08-06,5645.064618055556,2426.4577777777777,1236.470173611111,1659.3975,232.9676736111111,35.933125
2024-08-07,5439.347874564461,2316.609024390244,1222.7880139372821,1589.073519163763,225.10250871080137,34.504564459930315
2024-08-08,5342.064513888889,2232.5431944444445,1207.112534722222,1589.3716319444445,228.1484027777778,34.08875
2024-08-09,5432.641567944251,2266.611567944251,1219.46212543554,1619.7843902439024,240.2194773519164,34.834459930313585
2024-08-10,5159.300362318841,2205.6954347826086,1190.3916304347827,1477.9070652173912,205.16438405797103,31.167028985507248
2024-08-11,4764.728152173913,1997.110543478261,1103.427536231884,1408.9672101449275,181.79550724637681,27.882355072463767
2024-08-12,4946.1721875,2078.219340277778,1104.9530208333333,1462.507534722222,220.2053125,33.205000000000005
2024-08-13,5053.517883211678,2100.824051094891,1138.4145620437957,1513.8866423357665,218.74200729927006,33.25660583941605
2024-08-14,5260.353166023166,2197.5295752895754,1185.367335907336,1564.338687258687,228.6350193050193,34.08837837837837
2024-08-15,4681.923170731707,2066.688989547038,1078.5910104529617,1297.9280139372822,163.68599303135886,29.966620209059233
2024-08-16,5404.067202797202,2255.9108391608393,1271.158986013986,1577.1205244755245,213.61793706293707,34.78115384615385
2024-08-17,5520.036167247386,2332.4850174216026,1327.9668292682927,1595.8013588850174,179.3244599303136,31.992020905923344
2024-08-18,5419.9259999999995,2273.8737192982458,1297.8838245614036,1607.0893333333333,160.51656140350877,29.042947368421054
2024-08-19,5360.801777003485,2318.9796515679445,1248.978850174216,1505.685888501742,202.17905923344946,34.4087456445993
2024-08-20,5261.4275958188155,2233.9533449477353,1190.7345644599304,1539.601637630662,212.28634146341463,34.725679442508714
2024-08-21,5405.287600000001,2244.6923636363636,1209.8260727272727,1636.5942545454545,229.7633090909091,33.46632727272727
2024-08-22,5730.817527272728,2424.814254545455,1282.4622181818181,1693.6162545454547,242.07847272727273,33.169563636363634
2024-08-23,5386.823886925795,2277.4461130742047,1212.458374558304,1602.1602473498233,210.9202473498233,32.724522968197874
2024-08-24,5214.333639846744,2277.926398467433,1181.1520689655172,1480.451379310345,195.34850574712644,29.756168582375476
2024-08-25,5022.013868613139,2148.4583211678832,1109.7573722627737,1517.9812043795619,169.8108394160584,28.26021897810219
2024-08-26,5170.15243902439,2213.0611149825786,1147.6848083623693,1547.429930313589,183.95296167247386,29.08651567944251
2024-08-27,5273.300620437956,2197.359598540146,1184.9497810218977,1581.4411678832116,224.9303284671533,34.58510948905109
2024-08-28,5216.749195804196,2154.299510489511,1191.2342307692306,1572.4372377622378,214.95744755244755,34.37811188811189
2024-08-29,4924.899527272728,2036.3556363636364,1101.9189090909092,1508.7565454545454,203.32010909090909,27.683745454545452
2024-08-30,5167.439236363636,2128.4770181818185,1163.2411636363636,1580.598290909091,214.88265454545453,30.996872727272724
2024-08-31,5330.182299270073,2247.135291970803,1261.0436861313867,1545.3514963503649,193.31580291970803,32.51481751824817
